name,test_score,train_score
XGBRegressor,0.34777705591505825,0.32945811100767564
LGBMRegressor,0.3528160914531373,0.3471496965614158
CatBoostRegressor,0.3425467205475634,0.33135222272778053
